sensor_id,station,latitude,longitude,timestamp,no2
ZA01,Johannesburg-Braamfontein,-26.1928,28.0305,2023-01-02T09:30:00Z,85.89
ZA02,CapeTown-Foreshore,-33.9179,18.4287,2023-01-02T11:30:00Z,88.45
ZA03,Durban-Umgeni,-29.8046,31.0286,2023-01-02T13:30:00Z,86.67
ZA02,CapeTown-Foreshore,-33.9179,18.4287,2023-01-24T09:30:00Z,59.39
ZA01,Johannesburg-Braamfontein,-26.1928,28.0305,2023-01-24T11:30:00Z,54.53
ZA03,Durban-Umgeni,-29.8046,31.0286,2023-01-24T13:30:00Z,60.08
ZA03,Durban-Umgeni,-29.8046,31.0286,2023-02-14T09:30:00Z,36.03
ZA01,Johannesburg-Braamfontein,-26.1928,28.0305,2023-02-14T11:30:00Z,32.0
ZA02,CapeTown-Foreshore,-33.9179,18.4287,2023-02-14T13:30:00Z,36.97
ZA01,Johannesburg-Braamfontein,-26.1928,28.0305,2023-02-14T16:30:00Z,131.6
ZA02,CapeTown-Foreshore,-33.9179,18.4287,2023-02-14T16:30:00Z,128.4
ZA02,CapeTown-Foreshore,-33.9179,18.4287,2023-04-25T09:30:00Z,52.22
ZA01,Johannesburg-Braamfontein,-26.1928,28.0305,2023-04-25T11:30:00Z,50.05
ZA03,Durban-Umgeni,-29.8046,31.0286,2023-04-25T13:30:00Z,56.73
ZA02,CapeTown-Foreshore,-33.9179,18.4287,2023-05-18T09:30:00Z,81.13
ZA03,Durban-Umgeni,-29.8046,31.0286,2023-05-18T11:30:00Z,77.61
ZA01,Johannesburg-Braamfontein,-26.1928,28.0305,2023-05-18T13:30:00Z,78.26
ZA03,Durban-Umgeni,-29.8046,31.0286,2023-06-17T09:30:00Z,102.06
ZA02,CapeTown-Foreshore,-33.9179,18.4287,2023-06-17T11:30:00Z,99.5
ZA01,Johannesburg-Braamfontein,-26.1928,28.0305,2023-06-17T13:30:00Z,95.44
ZA02,CapeTown-Foreshore,-33.9179,18.4287,2023-07-05T04:30:00Z,185.9
ZA02,CapeTown-Foreshore,-33.9179,18.4287,2023-07-05T05:30:00Z,182.4
ZA01,Johannesburg-Braamfontein,-26.1928,28.0305,2023-07-05T09:30:00Z,49.3
ZA03,Durban-Umgeni,-29.8046,31.0286,2023-07-05T11:30:00Z,50.95
ZA02,CapeTown-Foreshore,-33.9179,18.4287,2023-07-05T13:30:00Z,46.75
ZA02,CapeTown-Foreshore,-33.9179,18.4287,2023-07-05T16:30:00Z,179.8
ZA02,CapeTown-Foreshore,-33.9179,18.4287,2023-07-18T09:30:00Z,82.69
ZA03,Durban-Umgeni,-29.8046,31.0286,2023-07-18T11:30:00Z,84.57
ZA01,Johannesburg-Braamfontein,-26.1928,28.0305,2023-07-18T13:30:00Z,84.74
ZA02,CapeTown-Foreshore,-33.9179,18.4287,2023-09-12T09:30:00Z,62.68
ZA03,Durban-Umgeni,-29.8046,31.0286,2023-09-12T11:30:00Z,64.54
ZA01,Johannesburg-Braamfontein,-26.1928,28.0305,2023-09-12T13:30:00Z,61.78
ZA01,Johannesburg-Braamfontein,-26.1928,28.0305,2023-09-25T09:30:00Z,88.49
ZA02,CapeTown-Foreshore,-33.9179,18.4287,2023-09-25T11:30:00Z,91.79
ZA03,Durban-Umgeni,-29.8046,31.0286,2023-09-25T13:30:00Z,89.72
ZA03,Durban-Umgeni,-29.8046,31.0286,2023-11-22T09:30:00Z,68.36
ZA02,CapeTown-Foreshore,-33.9179,18.4287,2023-11-22T11:30:00Z,68.43
ZA03,Durban-Umgeni,-29.8046,31.0286,2023-11-22T12:30:00Z,
ZA01,Johannesburg-Braamfontein,-26.1928,28.0305,2023-11-22T13:30:00Z,67.21
ZA02,CapeTown-Foreshore,-33.9179,18.4287,2023-12-13T02:30:00Z,249.2
ZA01,Johannesburg-Braamfontein,-26.1928,28.0305,2023-12-13T09:30:00Z,50.81
ZA02,CapeTown-Foreshore,-33.9179,18.4287,2023-12-13T11:30:00Z,44.17
ZA03,Durban-Umgeni,-29.8046,31.0286,2023-12-13T13:30:00Z,46.02
ZA02,CapeTown-Foreshore,-33.9179,18.4287,2023-12-13T18:30:00Z,250.9
ZA02,CapeTown-Foreshore,-33.9179,18.4287,2023-12-15T09:30:00Z,95.16
ZA03,Durban-Umgeni,-29.8046,31.0286,2023-12-15T11:30:00Z,93.26
ZA01,Johannesburg-Braamfontein,-26.1928,28.0305,2023-12-15T13:30:00Z,96.58
